﻿{
	"mxfile": {
		"diagram": {
			"mxGraphModel": {
				"root": {
					"mxCell": [
						{
							"_id": "0"
						},
						{
							"_id": "1",
							"_parent": "0"
						},
						{
							"mxGeometry": {
								"Array": {
									"mxPoint": [
										{
											"_x": "150",
											"_y": "140"
										},
										{
											"_x": "150",
											"_y": "195"
										}
									],
									"_as": "points"
								},
								"_relative": "1",
								"_as": "geometry"
							},
							"_id": "2",
							"_style": "edgeStyle=orthogonalEdgeStyle;rounded=0;orthogonalLoop=1;jettySize=auto;html=1;entryX=0;entryY=0.5;entryDx=0;entryDy=0;",
							"_edge": "1",
							"_source": "3",
							"_target": "7",
							"_parent": "1"
						},
						{
							"mxGeometry": {
								"_x": "40",
								"_y": "110",
								"_width": "100",
								"_height": "50",
								"_as": "geometry"
							},
							"_id": "3",
							"_value": "",
							"_style": "shape=parallelogram;html=1;strokeWidth=2;perimeter=parallelogramPerimeter;whiteSpace=wrap;rounded=1;arcSize=12;size=0.23;",
							"_vertex": "1",
							"_parent": "1"
						},
						{
							"mxGeometry": {
								"Array": {
									"mxPoint": [
										{
											"_x": "150",
											"_y": "248"
										},
										{
											"_x": "150",
											"_y": "195"
										}
									],
									"_as": "points"
								},
								"_relative": "1",
								"_as": "geometry"
							},
							"_id": "4",
							"_style": "edgeStyle=orthogonalEdgeStyle;rounded=0;orthogonalLoop=1;jettySize=auto;html=1;entryX=0;entryY=0.5;entryDx=0;entryDy=0;",
							"_edge": "1",
							"_source": "5",
							"_target": "7",
							"_parent": "1"
						},
						{
							"mxGeometry": {
								"_x": "30",
								"_y": "222.5",
								"_width": "100",
								"_height": "50",
								"_as": "geometry"
							},
							"_id": "5",
							"_value": "",
							"_style": "shape=parallelogram;html=1;strokeWidth=2;perimeter=parallelogramPerimeter;whiteSpace=wrap;rounded=1;arcSize=12;size=0.23;",
							"_vertex": "1",
							"_parent": "1"
						},
						{
							"mxGeometry": {
								"mxPoint": {
									"_x": "350",
									"_y": "115",
									"_as": "targetPoint"
								},
								"Array": {
									"mxPoint": {
										"_x": "235",
										"_y": "115"
									},
									"_as": "points"
								},
								"_relative": "1",
								"_as": "geometry"
							},
							"_id": "6",
							"_style": "edgeStyle=orthogonalEdgeStyle;rounded=0;orthogonalLoop=1;jettySize=auto;html=1;",
							"_edge": "1",
							"_source": "7",
							"_parent": "1"
						},
						{
							"mxGeometry": {
								"_x": "180",
								"_y": "167.5",
								"_width": "110",
								"_height": "55",
								"_as": "geometry"
							},
							"_id": "7",
							"_value": "",
							"_style": "rounded=1;whiteSpace=wrap;html=1;absoluteArcSize=1;arcSize=14;strokeWidth=2;",
							"_vertex": "1",
							"_parent": "1"
						},
						{
							"mxGeometry": {
								"_relative": "1",
								"_as": "geometry"
							},
							"_id": "8",
							"_value": "",
							"_style": "edgeStyle=orthogonalEdgeStyle;rounded=0;orthogonalLoop=1;jettySize=auto;html=1;",
							"_edge": "1",
							"_source": "9",
							"_target": "11",
							"_parent": "1"
						},
						{
							"mxGeometry": {
								"_x": "340",
								"_y": "100",
								"_width": "100",
								"_height": "40",
								"_as": "geometry"
							},
							"_id": "9",
							"_value": "",
							"_style": "shape=parallelogram;html=1;strokeWidth=2;perimeter=parallelogramPerimeter;whiteSpace=wrap;rounded=1;arcSize=12;size=0.23;",
							"_vertex": "1",
							"_parent": "1"
						},
						{
							"mxGeometry": {
								"_relative": "1",
								"_as": "geometry"
							},
							"_id": "10",
							"_style": "edgeStyle=orthogonalEdgeStyle;rounded=0;orthogonalLoop=1;jettySize=auto;html=1;",
							"_edge": "1",
							"_source": "11",
							"_target": "14",
							"_parent": "1"
						},
						{
							"mxGeometry": {
								"_x": "335",
								"_y": "180",
								"_width": "110",
								"_height": "55",
								"_as": "geometry"
							},
							"_id": "11",
							"_value": "",
							"_style": "rounded=1;whiteSpace=wrap;html=1;absoluteArcSize=1;arcSize=14;strokeWidth=2;",
							"_vertex": "1",
							"_parent": "1"
						},
						{
							"mxGeometry": {
								"_relative": "1",
								"_as": "geometry"
							},
							"_id": "12",
							"_style": "edgeStyle=orthogonalEdgeStyle;rounded=0;orthogonalLoop=1;jettySize=auto;html=1;entryX=0;entryY=0.5;entryDx=0;entryDy=0;",
							"_edge": "1",
							"_source": "14",
							"_target": "15",
							"_parent": "1"
						},
						{
							"mxGeometry": {
								"_relative": "1",
								"_as": "geometry"
							},
							"_id": "13",
							"_style": "edgeStyle=orthogonalEdgeStyle;rounded=0;orthogonalLoop=1;jettySize=auto;html=1;entryX=0;entryY=0.5;entryDx=0;entryDy=0;",
							"_edge": "1",
							"_source": "14",
							"_target": "18",
							"_parent": "1"
						},
						{
							"mxGeometry": {
								"_x": "502",
								"_y": "177.5",
								"_width": "120",
								"_height": "60",
								"_as": "geometry"
							},
							"_id": "14",
							"_value": "",
							"_style": "shape=parallelogram;html=1;strokeWidth=2;perimeter=parallelogramPerimeter;whiteSpace=wrap;rounded=1;arcSize=12;size=0.23;",
							"_vertex": "1",
							"_parent": "1"
						},
						{
							"mxGeometry": {
								"_x": "677",
								"_y": "140",
								"_width": "95",
								"_height": "50",
								"_as": "geometry"
							},
							"_id": "15",
							"_value": "",
							"_style": "rounded=1;whiteSpace=wrap;html=1;absoluteArcSize=1;arcSize=14;strokeWidth=2;",
							"_vertex": "1",
							"_parent": "1"
						},
						{
							"mxGeometry": {
								"_relative": "1",
								"_as": "geometry"
							},
							"_id": "16",
							"_style": "edgeStyle=orthogonalEdgeStyle;rounded=0;orthogonalLoop=1;jettySize=auto;html=1;entryX=0.5;entryY=0;entryDx=0;entryDy=0;",
							"_edge": "1",
							"_source": "18",
							"_target": "20",
							"_parent": "1"
						},
						{
							"mxGeometry": {
								"_relative": "1",
								"_as": "geometry"
							},
							"_id": "17",
							"_style": "edgeStyle=orthogonalEdgeStyle;rounded=0;orthogonalLoop=1;jettySize=auto;html=1;entryX=0.5;entryY=0;entryDx=0;entryDy=0;",
							"_edge": "1",
							"_source": "18",
							"_target": "22",
							"_parent": "1"
						},
						{
							"mxGeometry": {
								"_x": "677",
								"_y": "220",
								"_width": "95",
								"_height": "50",
								"_as": "geometry"
							},
							"_id": "18",
							"_value": "",
							"_style": "rounded=1;whiteSpace=wrap;html=1;absoluteArcSize=1;arcSize=14;strokeWidth=2;",
							"_vertex": "1",
							"_parent": "1"
						},
						{
							"mxGeometry": {
								"mxPoint": {
									"_x": "642",
									"_y": "410",
									"_as": "targetPoint"
								},
								"Array": {
									"mxPoint": {
										"_x": "605",
										"_y": "410"
									},
									"_as": "points"
								},
								"_relative": "1",
								"_as": "geometry"
							},
							"_id": "19",
							"_style": "edgeStyle=orthogonalEdgeStyle;rounded=0;orthogonalLoop=1;jettySize=auto;html=1;",
							"_edge": "1",
							"_source": "20",
							"_parent": "1"
						},
						{
							"mxGeometry": {
								"_x": "532",
								"_y": "310",
								"_width": "145",
								"_height": "40",
								"_as": "geometry"
							},
							"_id": "20",
							"_value": "",
							"_style": "rounded=1;whiteSpace=wrap;html=1;absoluteArcSize=1;arcSize=14;strokeWidth=2;",
							"_vertex": "1",
							"_parent": "1"
						},
						{
							"mxGeometry": {
								"mxPoint": {
									"_x": "827",
									"_y": "350",
									"_as": "sourcePoint"
								},
								"Array": {
									"mxPoint": [
										{
											"_x": "827",
											"_y": "340"
										},
										{
											"_x": "827",
											"_y": "420"
										}
									],
									"_as": "points"
								},
								"_relative": "1",
								"_as": "geometry"
							},
							"_id": "21",
							"_style": "edgeStyle=orthogonalEdgeStyle;rounded=0;orthogonalLoop=1;jettySize=auto;html=1;entryX=1;entryY=0.5;entryDx=0;entryDy=0;exitX=0.5;exitY=1;exitDx=0;exitDy=0;",
							"_edge": "1",
							"_source": "22",
							"_target": "23",
							"_parent": "1"
						},
						{
							"mxGeometry": {
								"_x": "750",
								"_y": "310",
								"_width": "150",
								"_height": "40",
								"_as": "geometry"
							},
							"_id": "22",
							"_value": "",
							"_style": "rounded=1;whiteSpace=wrap;html=1;absoluteArcSize=1;arcSize=14;strokeWidth=2;",
							"_vertex": "1",
							"_parent": "1"
						},
						{
							"mxGeometry": {
								"_x": "612",
								"_y": "400",
								"_width": "200",
								"_height": "40",
								"_as": "geometry"
							},
							"_id": "23",
							"_value": "",
							"_style": "shape=parallelogram;html=1;strokeWidth=2;perimeter=parallelogramPerimeter;whiteSpace=wrap;rounded=1;arcSize=12;size=0.23;",
							"_vertex": "1",
							"_parent": "1"
						},
						{
							"mxGeometry": {
								"_x": "70",
								"_y": "125",
								"_width": "40",
								"_height": "20",
								"_as": "geometry"
							},
							"_id": "24",
							"_value": "<b>DTM</b>",
							"_style": "text;html=1;strokeColor=none;fillColor=none;align=center;verticalAlign=middle;whiteSpace=wrap;rounded=0;",
							"_vertex": "1",
							"_parent": "1"
						},
						{
							"mxGeometry": {
								"_x": "60",
								"_y": "238",
								"_width": "40",
								"_height": "20",
								"_as": "geometry"
							},
							"_id": "25",
							"_value": "<b>DSM</b>",
							"_style": "text;html=1;strokeColor=none;fillColor=none;align=center;verticalAlign=middle;whiteSpace=wrap;rounded=0;",
							"_vertex": "1",
							"_parent": "1"
						},
						{
							"mxGeometry": {
								"_x": "185",
								"_y": "185",
								"_width": "100",
								"_height": "20",
								"_as": "geometry"
							},
							"_id": "26",
							"_value": "<b>Raster calculator</b>",
							"_style": "text;html=1;strokeColor=none;fillColor=none;align=center;verticalAlign=middle;whiteSpace=wrap;rounded=0;",
							"_vertex": "1",
							"_parent": "1"
						},
						{
							"mxGeometry": {
								"_x": "374",
								"_y": "110",
								"_width": "40",
								"_height": "20",
								"_as": "geometry"
							},
							"_id": "27",
							"_value": "<b>CSM</b>",
							"_style": "text;html=1;strokeColor=none;fillColor=none;align=center;verticalAlign=middle;whiteSpace=wrap;rounded=0;",
							"_vertex": "1",
							"_parent": "1"
						},
						{
							"mxGeometry": {
								"_x": "333",
								"_y": "197.5",
								"_width": "114",
								"_height": "20",
								"_as": "geometry"
							},
							"_id": "28",
							"_value": "<b>Raster calculator</b>",
							"_style": "text;html=1;strokeColor=none;fillColor=none;align=center;verticalAlign=middle;whiteSpace=wrap;rounded=0;",
							"_vertex": "1",
							"_parent": "1"
						},
						{
							"mxGeometry": {
								"_x": "523",
								"_y": "197.5",
								"_width": "78",
								"_height": "20",
								"_as": "geometry"
							},
							"_id": "29",
							"_value": "<b>PH normalized</b>",
							"_style": "text;html=1;strokeColor=none;fillColor=none;align=center;verticalAlign=middle;whiteSpace=wrap;rounded=0;",
							"_vertex": "1",
							"_parent": "1"
						},
						{
							"mxGeometry": {
								"_x": "674.5",
								"_y": "155",
								"_width": "100",
								"_height": "20",
								"_as": "geometry"
							},
							"_id": "31",
							"_value": "<b>Fixed threshold</b>",
							"_style": "text;html=1;strokeColor=none;fillColor=none;align=center;verticalAlign=middle;whiteSpace=wrap;rounded=0;",
							"_vertex": "1",
							"_parent": "1"
						},
						{
							"mxGeometry": {
								"_x": "704.5",
								"_y": "235",
								"_width": "40",
								"_height": "20",
								"_as": "geometry"
							},
							"_id": "32",
							"_value": "<b>Variable threshold</b>",
							"_style": "text;html=1;strokeColor=none;fillColor=none;align=center;verticalAlign=middle;whiteSpace=wrap;rounded=0;",
							"_vertex": "1",
							"_parent": "1"
						},
						{
							"mxGeometry": {
								"_x": "585",
								"_y": "320",
								"_width": "40",
								"_height": "20",
								"_as": "geometry"
							},
							"_id": "33",
							"_value": "<b>isocluser</b>",
							"_style": "text;html=1;strokeColor=none;fillColor=none;align=center;verticalAlign=middle;whiteSpace=wrap;rounded=0;",
							"_vertex": "1",
							"_parent": "1"
						},
						{
							"mxGeometry": {
								"_x": "760",
								"_y": "320",
								"_width": "130",
								"_height": "20",
								"_as": "geometry"
							},
							"_id": "34",
							"_value": "<b>Jenks natural breaks</b>",
							"_style": "text;html=1;strokeColor=none;fillColor=none;align=center;verticalAlign=middle;whiteSpace=wrap;rounded=0;",
							"_vertex": "1",
							"_parent": "1"
						},
						{
							"mxGeometry": {
								"_x": "660",
								"_y": "410",
								"_width": "120",
								"_height": "20",
								"_as": "geometry"
							},
							"_id": "35",
							"_value": "<b>Lodging/Non-lodging</b>",
							"_style": "text;html=1;strokeColor=none;fillColor=none;align=center;verticalAlign=middle;whiteSpace=wrap;rounded=0;",
							"_vertex": "1",
							"_parent": "1"
						}
					]
				},
				"_dx": "1038",
				"_dy": "523",
				"_grid": "1",
				"_gridSize": "10",
				"_guides": "1",
				"_tooltips": "1",
				"_connect": "1",
				"_arrows": "1",
				"_fold": "1",
				"_page": "1",
				"_pageScale": "1",
				"_pageWidth": "827",
				"_pageHeight": "1169",
				"_math": "0",
				"_shadow": "0"
			},
			"_id": "PKq_UNxIObTbEPl95vdE"
		},
		"_host": "app.diagrams.net",
		"_modified": "2020-11-29T12:09:17.286Z",
		"_agent": "5.0 (Windows NT 10.0; Win64; x64) AppleWebKit/537.36 (KHTML, like Gecko) Chrome/86.0.4240.198 Safari/537.36",
		"_version": "13.10.4",
		"_etag": "VVYlyjBSR6BZ_VPB5DDS"
	}
}